{
  "enabled": true,
  "isClassic": false,
  "dynamicCrosshair": false,
  "renderModel": true,
  "adjustStep": 0.01,
  "classic": {
    "adjustMode": "CAMERA",
    "scale": 8.0,
    "cameraX": -0.5,
    "cameraY": 0.04,
    "cameraZ": -0.15,
    "centerX": 0.0,
    "centerY": 0.0,
    "centerZ": 0.0,
    "pitch": 0.0,
    "yaw": 18.0,
    "roll": 0.0
  },
  "binding": {
    "adjustOffset": true,
    "renderStuckObjects": true,
    "disableRenderItems": [
      "minecraft:filled_map"
    ],
    "targetList": [
      {
        "name": "skin_head",
        "textureId": "minecraft:skins/",
        "priority": 10,
        "forwardU": 0.1875,
        "forwardV": 0.2,
        "upwardU": 0.1875,
        "upwardV": 0.075,
        "posU": 0.1875,
        "posV": 0.2,
        "disablingDepth": 0.2,
        "bindX": false,
        "bindY": true,
        "bindZ": false,
        "bindRotation": false,
        "scale": 1.0,
        "offsetX": -0.09999999999999998,
        "offsetY": 0.0,
        "offsetZ": 0.0,
        "pitch": 0.0,
        "yaw": 0.0,
        "roll": 0.0,
        "disabledTextureIds": [
          "minecraft:textures/entity/enderdragon/dragon.png"
        ]
      },
      {
        "name": "minecraft_head",
        "textureId": "minecraft:textures/entity/player/",
        "priority": 5,
        "forwardU": 0.1875,
        "forwardV": 0.2,
        "upwardU": 0.1875,
        "upwardV": 0.075,
        "posU": 0.1875,
        "posV": 0.2,
        "disablingDepth": 0.2,
        "bindX": false,
        "bindY": true,
        "bindZ": false,
        "bindRotation": false,
        "scale": 1.0,
        "offsetX": -0.1,
        "offsetY": 0.0,
        "offsetZ": 0.0,
        "pitch": 0.0,
        "yaw": 0.0,
        "roll": 0.0,
        "disabledTextureIds": [
          "minecraft:textures/entity/enderdragon/dragon.png"
        ]
      },
      {
        "name": "minecraft_head_2",
        "textureId": "minecraft:textures/entity/player/",
        "priority": 0,
        "forwardU": 0.1875,
        "forwardV": 0.2,
        "upwardU": 0.1875,
        "upwardV": 0.075,
        "posU": 0.1875,
        "posV": 0.2,
        "disablingDepth": 0.2,
        "bindX": true,
        "bindY": true,
        "bindZ": true,
        "bindRotation": true,
        "scale": 1.0,
        "offsetX": -0.1,
        "offsetY": 0.0,
        "offsetZ": 0.0,
        "pitch": 0.0,
        "yaw": 0.0,
        "roll": 0.0,
        "disabledTextureIds": [
          "minecraft:textures/entity/enderdragon/dragon.png"
        ]
      },
      {
        "name": "skin_head_2",
        "textureId": "minecraft:skins/",
        "priority": 0,
        "forwardU": 0.1875,
        "forwardV": 0.2,
        "upwardU": 0.1875,
        "upwardV": 0.075,
        "posU": 0.1875,
        "posV": 0.2,
        "disablingDepth": 0.2,
        "bindX": true,
        "bindY": true,
        "bindZ": true,
        "bindRotation": true,
        "scale": 1.0,
        "offsetX": -0.1,
        "offsetY": 0.0,
        "offsetZ": 0.0,
        "pitch": 0.0,
        "yaw": 0.0,
        "roll": 0.0,
        "disabledTextureIds": [
          "minecraft:textures/entity/enderdragon/dragon.png"
        ]
      }
    ]
  }
}